location,country,year,tax,gini
AUS,Australia,1990,27.824893,29.5
AUS,Australia,1991,27.76466,29.6
AUS,Australia,1992,28.320172999999997,29.6
AUS,Australia,1993,29.502058,29.6
AUS,Australia,1994,29.469057,29.6
AUS,Australia,1995,29.015138,30.3
AUS,Australia,1996,27.95405,30.6
AUS,Australia,1997,27.543273,30.7
AUS,Australia,1998,27.372493,31.1
AUS,Australia,1999,26.208660000000002,31.4
AUS,Australia,2000,28.81277,31.7
AUS,Australia,2001,30.47121,31.7
AUS,Australia,2002,30.507316999999997,31.6
AUS,Australia,2003,29.880228000000002,31.6
AUS,Australia,2004,28.699187,31.6
AUS,Australia,2005,28.070028999999998,31.8
AUS,Australia,2006,27.551190000000002,32.0
AUS,Australia,2007,27.003121999999998,32.3
AUS,Australia,2008,27.85541,32.6
AUS,Australia,2009,29.688135,32.7
AUS,Australia,2010,28.985522999999997,32.7
AUS,Australia,2011,27.410525,32.5
AUS,Australia,2012,28.327116999999998,32.3
AUS,Australia,2013,28.636965999999997,32.3
AUS,Australia,2014,26.862492,32.4
AUS,Australia,2015,27.624474,32.4
AUS,Australia,2016,27.086011,32.5
AUS,Australia,2017,26.004357000000002,32.4
AUT,Austria,1990,31.520709999999998,24.9
AUT,Austria,1991,30.683863,25.5
AUT,Austria,1992,30.208957,26.0
AUT,Austria,1993,29.340460999999998,26.6
AUT,Austria,1994,30.942169,27.3
AUT,Austria,1995,29.037659,27.9
AUT,Austria,1996,29.013185999999997,27.5
AUT,Austria,1997,29.122752000000002,27.2
AUT,Austria,1998,28.573693,27.0
AUT,Austria,1999,29.095609000000003,26.6
AUT,Austria,2000,28.940786,26.6
AUT,Austria,2001,27.865517999999998,26.7
AUT,Austria,2002,28.969434999999997,26.8
AUT,Austria,2003,28.850292,26.9
AUT,Austria,2004,28.912726,26.9
AUT,Austria,2005,29.012264000000002,27.0
AUT,Austria,2006,28.373313,27.4
AUT,Austria,2007,27.974295,27.8
AUT,Austria,2008,27.489481,27.9
AUT,Austria,2009,28.520681,28.1
AUT,Austria,2010,28.384836,28.0
AUT,Austria,2011,28.60492,27.9
AUT,Austria,2012,28.464083000000002,27.7
AUT,Austria,2013,27.786469,27.7
AUT,Austria,2014,27.613390999999996,27.6
AUT,Austria,2015,27.433312,27.6
AUT,Austria,2016,28.234194,27.6
AUT,Austria,2017,28.148542,27.4
BEL,Belgium,1990,26.076514000000003,23.5
BEL,Belgium,1991,25.846791,23.6
BEL,Belgium,1992,25.967925,23.6
BEL,Belgium,1993,25.288095000000002,24.3
BEL,Belgium,1994,25.712004,25.0
BEL,Belgium,1995,25.28993,25.5
BEL,Belgium,1996,25.682014000000002,25.7
BEL,Belgium,1997,25.626242,25.8
BEL,Belgium,1998,24.046391,26.2
BEL,Belgium,1999,25.135054,26.5
BEL,Belgium,2000,25.016656,26.6
BEL,Belgium,2001,24.136704,26.6
BEL,Belgium,2002,24.250684,26.6
BEL,Belgium,2003,24.376188,26.5
BEL,Belgium,2004,24.790838,26.6
BEL,Belgium,2005,25.037238000000002,26.5
BEL,Belgium,2006,24.986122,26.3
BEL,Belgium,2007,24.987981,26.3
BEL,Belgium,2008,24.417507,26.0
BEL,Belgium,2009,24.949468,26.1
BEL,Belgium,2010,25.315082999999998,26.1
BEL,Belgium,2011,24.781827,26.1
BEL,Belgium,2012,25.018841000000002,25.9
BEL,Belgium,2013,24.20226,26.1
BEL,Belgium,2014,23.931892,26.1
BEL,Belgium,2015,23.845057,26.0
BEL,Belgium,2016,24.529177,26.0
BEL,Belgium,2017,24.224407,25.8
CAN,Canada,1990,25.841275,28.2
CAN,Canada,1991,25.889904,28.5
CAN,Canada,1992,26.337474,29.0
CAN,Canada,1993,26.677853000000002,29.0
CAN,Canada,1994,26.166061,28.8
CAN,Canada,1995,25.404512,29.3
CAN,Canada,1996,24.96761,29.8
CAN,Canada,1997,24.430621,29.6
CAN,Canada,1998,24.746413,30.4
CAN,Canada,1999,24.066713,30.7
CAN,Canada,2000,24.207963,31.0
CAN,Canada,2001,24.722345999999998,31.0
CAN,Canada,2002,26.205338,31.0
CAN,Canada,2003,26.269090000000002,31.0
CAN,Canada,2004,25.735460999999997,31.2
CAN,Canada,2005,25.182226999999997,31.0
CAN,Canada,2006,24.37425,30.9
CAN,Canada,2007,23.964119,31.1
CAN,Canada,2008,22.499249,31.0
CAN,Canada,2009,22.870725,31.0
CAN,Canada,2010,23.955504,31.2
CAN,Canada,2011,23.734003,31.0
CAN,Canada,2012,23.37647,31.5
CAN,Canada,2013,23.031852999999998,31.7
CAN,Canada,2014,23.00636,31.5
CAN,Canada,2015,23.002923000000003,31.5
CAN,Canada,2016,23.051341,31.1
CAN,Canada,2017,23.536985,31.1
CAN,Canada,2018,23.366452,30.7
CZE,Czech Republic,1993,33.318861,21.9
CZE,Czech Republic,1994,33.504272,23.0
CZE,Czech Republic,1995,32.145205,23.9
CZE,Czech Republic,1996,32.911418,25.0
CZE,Czech Republic,1997,31.040182,24.7
CZE,Czech Republic,1998,30.975853999999998,24.5
CZE,Czech Republic,1999,31.987264,24.6
CZE,Czech Republic,2000,31.487969,24.9
CZE,Czech Republic,2001,30.514214000000003,25.1
CZE,Czech Republic,2002,29.691543,25.4
CZE,Czech Republic,2003,29.613623999999998,25.6
CZE,Czech Republic,2004,31.202528000000004,25.7
CZE,Czech Republic,2005,31.200977,25.7
CZE,Czech Republic,2006,30.134421000000003,25.5
CZE,Czech Republic,2007,29.917406,25.3
CZE,Czech Republic,2008,31.497795,25.2
CZE,Czech Republic,2009,33.25508,25.2
CZE,Czech Republic,2010,33.244652,25.3
CZE,Czech Republic,2011,33.734802,25.2
CZE,Czech Republic,2012,33.896636,25.1
CZE,Czech Republic,2013,34.254745,25.2
CZE,Czech Republic,2014,32.909175,25.2
CZE,Czech Republic,2015,33.462493,25.1
CZE,Czech Republic,2016,33.016201,24.9
CZE,Czech Republic,2017,32.912391,24.6
DNK,Denmark,1990,33.913896,22.4
DNK,Denmark,1991,34.100345000000004,22.5
DNK,Denmark,1992,33.176946,23.0
DNK,Denmark,1993,32.498528,22.6
DNK,Denmark,1994,32.929210999999995,21.9
DNK,Denmark,1995,32.782403,21.8
DNK,Denmark,1996,33.440156,21.8
DNK,Denmark,1997,33.528504,22.0
DNK,Denmark,1998,34.305772,22.2
DNK,Denmark,1999,33.948432000000004,22.4
DNK,Denmark,2000,33.097952,22.4
DNK,Denmark,2001,33.727368,22.7
DNK,Denmark,2002,34.553263,22.8
DNK,Denmark,2003,34.004535,22.9
DNK,Denmark,2004,33.784948,22.9
DNK,Denmark,2005,33.19218,23.4
DNK,Denmark,2006,34.090551,23.9
DNK,Denmark,2007,34.920821000000004,23.8
DNK,Denmark,2008,33.929851,24.2
DNK,Denmark,2009,33.577025,24.5
DNK,Denmark,2010,33.261668,24.7
DNK,Denmark,2011,33.420322999999996,25.0
DNK,Denmark,2012,33.001714,25.0
DNK,Denmark,2013,32.224892,24.8
DNK,Denmark,2014,29.915128000000003,25.4
DNK,Denmark,2015,31.499361999999998,25.6
DNK,Denmark,2016,32.100405,25.4
DNK,Denmark,2017,31.783417,26.0
DNK,Denmark,2018,32.672289,26.2
FIN,Finland,1990,32.547311,21.0
FIN,Finland,1991,31.789634000000003,21.0
FIN,Finland,1992,31.695644,21.3
FIN,Finland,1993,31.576228000000004,21.9
FIN,Finland,1994,30.624207000000002,22.1
FIN,Finland,1995,30.60052,22.2
FIN,Finland,1996,29.946406,22.9
FIN,Finland,1997,31.629926,23.6
FIN,Finland,1998,30.620652000000003,24.1
FIN,Finland,1999,31.008577000000002,24.5
FIN,Finland,2000,28.975431,24.8
FIN,Finland,2001,29.640901,24.9
FIN,Finland,2002,30.297819,24.9
FIN,Finland,2003,32.017059,25.0
FIN,Finland,2004,31.831075,25.3
FIN,Finland,2005,31.463238,25.3
FIN,Finland,2006,31.282383000000003,25.5
FIN,Finland,2007,30.246491,25.6
FIN,Finland,2008,30.189294,25.2
FIN,Finland,2009,31.603309000000003,25.1
FIN,Finland,2010,31.784053000000004,25.4
FIN,Finland,2011,32.918428999999996,25.3
FIN,Finland,2012,33.055389,25.2
FIN,Finland,2013,33.183745,25.4
FIN,Finland,2014,32.847923,25.2
FIN,Finland,2015,32.366357,25.4
FIN,Finland,2016,32.822782000000004,25.6
FIN,Finland,2017,32.87828,25.8
FIN,Finland,2018,33.634609999999995,25.8
FRA,France,1990,28.410068,28.7
FRA,France,1991,27.209888,28.7
FRA,France,1992,26.477968,28.7
FRA,France,1993,26.212318,28.6
FRA,France,1994,27.064027000000003,28.6
FRA,France,1995,27.692678000000004,28.4
FRA,France,1996,27.955992,28.2
FRA,France,1997,27.442096000000003,28.0
FRA,France,1998,26.962287,27.9
FRA,France,1999,26.572196,27.9
FRA,France,2000,25.809632,27.9
FRA,France,2001,25.301248,27.9
FRA,France,2002,25.760559,27.9
FRA,France,2003,25.581978,28.0
FRA,France,2004,25.630834,28.0
FRA,France,2005,25.392661,28.0
FRA,France,2006,24.885184,28.2
FRA,France,2007,24.817848,28.7
FRA,France,2008,24.61591,29.0
FRA,France,2009,25.116398999999998,29.2
FRA,France,2010,24.821285,29.4
FRA,France,2011,24.671469000000002,29.9
FRA,France,2012,24.378376,30.0
FRA,France,2013,23.935553,29.9
FRA,France,2014,24.052,29.7
FRA,France,2015,24.240344,29.7
FRA,France,2016,24.389584,29.6
FRA,France,2017,24.472279999999998,29.5
DEU,Germany,1990,26.733331,25.4
DEU,Germany,1991,27.049469000000002,25.8
DEU,Germany,1992,27.087971000000003,25.7
DEU,Germany,1993,27.987501,25.8
DEU,Germany,1994,28.878978999999998,25.9
DEU,Germany,1995,27.978835999999998,25.8
DEU,Germany,1996,28.072399,25.6
DEU,Germany,1997,27.909865000000003,25.6
DEU,Germany,1998,27.305151000000002,25.6
DEU,Germany,1999,27.974887,25.8
DEU,Germany,2000,28.067458000000002,26.1
DEU,Germany,2001,28.729531,26.7
DEU,Germany,2002,29.072290999999996,26.9
DEU,Germany,2003,29.304940000000002,27.0
DEU,Germany,2004,29.189728000000002,27.5
DEU,Germany,2005,29.079279999999997,28.2
DEU,Germany,2006,28.389944,28.3
DEU,Germany,2007,29.273989,28.4
DEU,Germany,2008,28.918412,28.5
DEU,Germany,2009,29.807593,28.4
DEU,Germany,2010,29.458586999999998,28.5
DEU,Germany,2011,29.142438000000002,28.5
DEU,Germany,2012,28.422962,28.7
DEU,Germany,2013,28.498777,28.8
DEU,Germany,2014,28.203205999999998,28.9
DEU,Germany,2015,27.791446999999998,29.1
DEU,Germany,2016,27.107313,29.2
DEU,Germany,2017,26.281294,29.1
GRC,Greece,1990,44.537489,34.1
GRC,Greece,1991,46.287144,34.2
GRC,Greece,1992,47.870927,34.3
GRC,Greece,1993,45.716066999999995,34.3
GRC,Greece,1994,43.260318,34.4
GRC,Greece,1995,41.004708,34.5
GRC,Greece,1996,41.486965999999995,34.4
GRC,Greece,1997,39.904428,34.2
GRC,Greece,1998,37.288708,34.0
GRC,Greece,1999,36.550979,33.8
GRC,Greece,2000,34.773305,33.5
GRC,Greece,2001,36.510125,33.3
GRC,Greece,2002,36.205051,33.1
GRC,Greece,2003,35.609046,32.8
GRC,Greece,2004,35.51093,32.9
GRC,Greece,2005,34.59891,32.9
GRC,Greece,2006,36.042695,32.8
GRC,Greece,2007,36.030545000000004,32.6
GRC,Greece,2008,36.139193,32.6
GRC,Greece,2009,35.662067,32.7
GRC,Greece,2010,38.24228,33.0
GRC,Greece,2011,39.114391,33.3
GRC,Greece,2012,37.930329,33.5
GRC,Greece,2013,39.256173,33.3
GRC,Greece,2014,39.32869,33.3
GRC,Greece,2015,39.465336,33.1
GRC,Greece,2016,39.98155,32.8
GRC,Greece,2017,39.343467,32.5
HUN,Hungary,1991,33.16942,25.3
HUN,Hungary,1992,35.965646,26.1
HUN,Hungary,1993,37.130396000000005,26.5
HUN,Hungary,1994,37.06395,27.5
HUN,Hungary,1995,40.632661,27.5
HUN,Hungary,1996,40.681695,27.5
HUN,Hungary,1997,39.311976,27.3
HUN,Hungary,1998,38.946637,27.3
HUN,Hungary,1999,40.334221,27.5
HUN,Hungary,2000,40.483801,27.4
HUN,Hungary,2001,38.72355,27.4
HUN,Hungary,2002,37.443025,27.5
HUN,Hungary,2003,39.233387,27.9
HUN,Hungary,2004,40.683584,27.9
HUN,Hungary,2005,39.550065999999994,27.7
HUN,Hungary,2006,38.282393,27.3
HUN,Hungary,2007,37.60638,27.0
HUN,Hungary,2008,36.940587,26.6
HUN,Hungary,2009,39.467653999999996,26.9
HUN,Hungary,2010,42.879259000000005,27.2
HUN,Hungary,2011,43.624796999999994,27.4
HUN,Hungary,2012,44.017859,27.8
HUN,Hungary,2013,43.972993,28.1
HUN,Hungary,2014,43.83113,27.9
HUN,Hungary,2015,43.899196,27.7
HUN,Hungary,2016,42.359658,27.8
HUN,Hungary,2017,42.925902,28.0
HUN,Hungary,2018,44.047903999999996,28.0
ISL,Iceland,1992,49.53694,27.4
ISL,Iceland,1993,49.816152,27.3
ISL,Iceland,1994,49.029154999999996,27.4
ISL,Iceland,1995,48.690242,27.6
ISL,Iceland,1996,48.211655,28.0
ISL,Iceland,1997,47.342251,28.5
ISL,Iceland,1998,46.050734999999996,28.9
ISL,Iceland,1999,46.110079,29.4
ISL,Iceland,2000,44.094495,29.8
ISL,Iceland,2001,40.343488,30.0
ISL,Iceland,2002,40.755859,29.9
ISL,Iceland,2003,41.110579,29.5
ISL,Iceland,2004,42.214628000000005,29.0
ISL,Iceland,2005,41.981099,29.1
ISL,Iceland,2006,42.322154,29.1
ISL,Iceland,2007,40.429512,28.6
ISL,Iceland,2008,36.9551,28.3
ISL,Iceland,2009,35.508575,27.0
ISL,Iceland,2010,35.191402000000004,26.0
ISL,Iceland,2011,34.549996,25.6
ISL,Iceland,2012,34.899793,25.2
ISL,Iceland,2013,33.516455,24.8
ISL,Iceland,2014,30.986176,24.8
ISL,Iceland,2015,32.367832,24.8
IRL,Ireland,1990,41.933539,32.3
IRL,Ireland,1991,40.366888,32.3
IRL,Ireland,1992,39.848129,32.4
IRL,Ireland,1993,37.959998999999996,32.5
IRL,Ireland,1994,38.822287,32.6
IRL,Ireland,1995,40.411234,32.5
IRL,Ireland,1996,39.371457,32.3
IRL,Ireland,1997,39.439226,32.1
IRL,Ireland,1998,38.841563,31.9
IRL,Ireland,1999,38.389595,31.5
IRL,Ireland,2000,38.151123,31.1
IRL,Ireland,2001,37.054574,30.7
IRL,Ireland,2002,39.04769,30.5
IRL,Ireland,2003,38.016579,30.3
IRL,Ireland,2004,37.684698,30.3
IRL,Ireland,2005,38.212143,30.1
IRL,Ireland,2006,36.369741999999995,29.9
IRL,Ireland,2007,36.391861,29.7
IRL,Ireland,2008,37.383115000000004,29.4
IRL,Ireland,2009,35.696344,29.7
IRL,Ireland,2010,36.17241,29.8
IRL,Ireland,2011,34.315053999999996,30.0
IRL,Ireland,2012,34.286029,30.2
IRL,Ireland,2013,33.612624,30.2
IRL,Ireland,2014,33.637847,29.9
IRL,Ireland,2015,32.610958000000004,29.7
IRL,Ireland,2016,32.540788,29.6
IRL,Ireland,2017,32.43712,29.5
IRL,Ireland,2018,30.046716999999997,29.2
ITA,Italy,1990,28.018046999999996,31.5
ITA,Italy,1991,28.073896,31.3
ITA,Italy,1992,27.14272,32.0
ITA,Italy,1993,25.911281,32.7
ITA,Italy,1994,28.321210999999998,32.9
ITA,Italy,1995,27.289203000000004,33.0
ITA,Italy,1996,25.779206,33.0
ITA,Italy,1997,25.866768,33.0
ITA,Italy,1998,27.503262,33.2
ITA,Italy,1999,27.530192,33.0
ITA,Italy,2000,27.890502,33.1
ITA,Italy,2001,26.832488,33.2
ITA,Italy,2002,26.957565000000002,33.0
ITA,Italy,2003,25.713348,32.9
ITA,Italy,2004,26.411431,32.8
ITA,Italy,2005,26.422765000000002,32.7
ITA,Italy,2006,26.21058,32.6
ITA,Italy,2007,25.269782,32.4
ITA,Italy,2008,24.784966,32.5
ITA,Italy,2009,24.805484,32.6
ITA,Italy,2010,26.288842,32.8
ITA,Italy,2011,26.842678999999997,33.2
ITA,Italy,2012,26.467609999999997,33.4
ITA,Italy,2013,26.218512,33.4
ITA,Italy,2014,27.080094,33.4
ITA,Italy,2015,27.072451,33.5
ITA,Italy,2016,28.15987,33.6
ITA,Italy,2017,28.425637,33.7
JPN,Japan,1990,13.693389000000002,28.4
JPN,Japan,1991,13.953651,28.7
JPN,Japan,1992,14.697547,29.0
JPN,Japan,1993,15.132385000000001,29.1
JPN,Japan,1994,16.145154,29.4
JPN,Japan,1995,15.804569,29.8
JPN,Japan,1996,16.010634,30.2
JPN,Japan,1997,17.231688000000002,30.4
JPN,Japan,1998,19.641059,30.7
JPN,Japan,1999,20.500307,30.9
JPN,Japan,2000,19.251327,31.2
JPN,Japan,2001,19.346401999999998,31.2
JPN,Japan,2002,20.115709,31.2
JPN,Japan,2003,20.307794,30.9
JPN,Japan,2004,20.016517,30.5
JPN,Japan,2005,19.418136999999998,30.5
JPN,Japan,2006,18.636678,30.6
JPN,Japan,2007,17.952942,30.7
JPN,Japan,2008,17.9487,31.4
JPN,Japan,2009,19.071232000000002,31.7
JPN,Japan,2010,18.666514000000003,31.9
JPN,Japan,2011,18.402036,32.0
JPN,Japan,2012,17.94831,32.1
JPN,Japan,2013,17.584155,31.9
JPN,Japan,2014,19.753975,31.7
JPN,Japan,2015,20.966044,32.0
KOR,Korea,1990,44.274586,29.5
KOR,Korea,1991,42.093803,29.1
KOR,Korea,1992,43.153731,28.8
KOR,Korea,1993,41.280128999999995,28.8
KOR,Korea,1994,41.096555,28.9
KOR,Korea,1995,40.715312,29.1
KOR,Korea,1996,41.682415,29.5
KOR,Korea,1997,42.732231,29.9
KOR,Korea,1998,37.929773,30.5
KOR,Korea,1999,40.247011,30.8
KOR,Korea,2000,38.35137,30.7
KOR,Korea,2001,39.611338,30.8
KOR,Korea,2002,38.730104,30.9
KOR,Korea,2003,37.034201,30.8
KOR,Korea,2004,36.187001,30.8
KOR,Korea,2005,34.26222,31.0
KOR,Korea,2006,32.532339,31.0
KOR,Korea,2007,31.272261999999998,31.2
KOR,Korea,2008,31.629568,31.4
KOR,Korea,2009,31.808497999999997,31.5
KOR,Korea,2010,33.709388,31.2
KOR,Korea,2011,31.235264,31.2
KOR,Korea,2012,31.172217,31.1
KOR,Korea,2013,30.724782,31.1
KOR,Korea,2014,29.951454,31.3
KOR,Korea,2015,28.0329,31.7
KOR,Korea,2016,28.136143,32.3
KOR,Korea,2017,27.727888,32.7
LUX,Luxembourg,1990,23.593212,24.2
LUX,Luxembourg,1991,24.553054,24.3
LUX,Luxembourg,1992,26.52092,24.5
LUX,Luxembourg,1993,26.147958,24.6
LUX,Luxembourg,1994,26.998535999999998,24.8
LUX,Luxembourg,1995,25.666529,25.2
LUX,Luxembourg,1996,25.207829,25.5
LUX,Luxembourg,1997,25.770338,25.8
LUX,Luxembourg,1998,25.705579,25.9
LUX,Luxembourg,1999,26.452801,26.0
LUX,Luxembourg,2000,26.326134999999997,26.1
LUX,Luxembourg,2001,25.765506,26.1
LUX,Luxembourg,2002,26.625035999999998,26.4
LUX,Luxembourg,2003,27.278067,26.6
LUX,Luxembourg,2004,29.679748999999997,26.9
LUX,Luxembourg,2005,28.757809,27.1
LUX,Luxembourg,2006,27.537544,27.3
LUX,Luxembourg,2007,27.770775,27.7
LUX,Luxembourg,2008,27.819264,28.0
LUX,Luxembourg,2009,27.849794,27.8
LUX,Luxembourg,2010,27.315809,27.9
LUX,Luxembourg,2011,28.004036,28.1
LUX,Luxembourg,2012,28.321309000000003,28.7
LUX,Luxembourg,2013,28.218244,28.6
LUX,Luxembourg,2014,28.975469,28.6
LUX,Luxembourg,2015,25.679266000000002,29.1
LUX,Luxembourg,2016,25.268798999999998,29.4
LUX,Luxembourg,2017,24.312034,29.8
MEX,Mexico,1990,43.955563,46.5
MEX,Mexico,1991,43.082417,46.8
MEX,Mexico,1992,40.363275,47.1
MEX,Mexico,1993,37.017454,47.4
MEX,Mexico,1994,39.258386,47.6
MEX,Mexico,1995,39.573704,47.7
MEX,Mexico,1996,39.526325,47.5
MEX,Mexico,1997,40.804915,47.6
MEX,Mexico,1998,43.372006,47.7
MEX,Mexico,1999,44.297546000000004,47.5
MEX,Mexico,2000,41.658745,47.3
MEX,Mexico,2001,42.461634000000004,46.9
MEX,Mexico,2002,42.896887,46.5
MEX,Mexico,2003,42.023788,46.1
MEX,Mexico,2004,41.016539,45.7
MEX,Mexico,2005,38.559777000000004,45.5
MEX,Mexico,2006,38.675929,44.9
MEX,Mexico,2007,37.127488,45.0
MEX,Mexico,2008,38.5024,45.0
MEX,Mexico,2009,37.466287,44.7
MEX,Mexico,2010,37.985032000000004,44.4
MEX,Mexico,2011,36.40351,44.3
MEX,Mexico,2012,36.841189,44.1
MEX,Mexico,2013,33.055217,43.7
MEX,Mexico,2014,36.760665,43.4
MEX,Mexico,2015,38.638143,42.8
MEX,Mexico,2016,38.753553000000004,42.1
MEX,Mexico,2017,36.37663,41.7
NLD,Netherlands,1990,26.4178,25.6
NLD,Netherlands,1991,25.401173999999997,25.7
NLD,Netherlands,1992,25.789235,25.7
NLD,Netherlands,1993,24.589804,25.9
NLD,Netherlands,1994,26.319437,26.0
NLD,Netherlands,1995,28.545942999999998,25.8
NLD,Netherlands,1996,29.099063,25.5
NLD,Netherlands,1997,29.423271999999997,25.2
NLD,Netherlands,1998,28.822571000000003,24.9
NLD,Netherlands,1999,28.985442,24.5
NLD,Netherlands,2000,28.869946999999996,24.9
NLD,Netherlands,2001,30.733237,25.3
NLD,Netherlands,2002,30.650778000000003,25.6
NLD,Netherlands,2003,31.294263,25.9
NLD,Netherlands,2004,31.703384999999997,26.1
NLD,Netherlands,2005,31.555208,26.3
NLD,Netherlands,2006,31.067966,26.5
NLD,Netherlands,2007,30.959493,26.6
NLD,Netherlands,2008,30.292506,26.4
NLD,Netherlands,2009,30.601755999999998,26.1
NLD,Netherlands,2010,30.772538,25.9
NLD,Netherlands,2011,30.078045,25.9
NLD,Netherlands,2012,29.784570000000002,26.0
NLD,Netherlands,2013,29.799403,26.3
NLD,Netherlands,2014,29.590016,26.6
NLD,Netherlands,2015,29.615662,26.6
NLD,Netherlands,2016,29.514573,26.5
NLD,Netherlands,2017,29.135716,26.5
NZL,New Zealand,1990,33.561941,30.5
NZL,New Zealand,1991,35.360452,31.5
NZL,New Zealand,1992,35.580368,31.7
NZL,New Zealand,1993,35.849057,32.0
NZL,New Zealand,1994,33.706934000000004,32.3
NZL,New Zealand,1995,33.372723,32.7
NZL,New Zealand,1996,35.005946,33.0
NZL,New Zealand,1997,34.820021999999994,33.1
NZL,New Zealand,1998,36.31133,33.0
NZL,New Zealand,1999,36.164471999999996,32.9
NZL,New Zealand,2000,34.683766999999996,32.9
NZL,New Zealand,2001,35.638771999999996,32.9
NZL,New Zealand,2002,35.123459000000004,32.8
NZL,New Zealand,2003,35.26419,32.6
NZL,New Zealand,2004,33.838035,32.6
NZL,New Zealand,2005,32.100138,32.5
NZL,New Zealand,2006,32.662091,32.4
NZL,New Zealand,2007,31.680355,32.3
NZL,New Zealand,2008,33.745490000000004,32.1
NZL,New Zealand,2009,36.601801,32.0
NZL,New Zealand,2010,39.627668,31.9
NZL,New Zealand,2011,40.312128,32.0
NZL,New Zealand,2012,38.795233,32.2
NZL,New Zealand,2013,39.043040999999995,32.5
NZL,New Zealand,2014,39.154669,32.7
NZL,New Zealand,2015,38.930061,32.8
NZL,New Zealand,2016,38.340204,32.9
NZL,New Zealand,2017,38.432565999999994,32.9
NZL,New Zealand,2018,38.454557,32.9
NOR,Norway,1990,35.539342,22.1
NOR,Norway,1991,35.042515,22.5
NOR,Norway,1992,37.390217,22.6
NOR,Norway,1993,38.383096,23.0
NOR,Norway,1994,38.399114000000004,23.5
NOR,Norway,1995,38.583866,23.8
NOR,Norway,1996,37.934827,24.0
NOR,Norway,1997,37.004995,24.1
NOR,Norway,1998,37.363433,24.0
NOR,Norway,1999,36.517835,24.2
NOR,Norway,2000,31.773057,24.4
NOR,Norway,2001,31.014539000000003,24.4
NOR,Norway,2002,30.945471,25.4
NOR,Norway,2003,30.514825,25.9
NOR,Norway,2004,29.230323,25.7
NOR,Norway,2005,27.747119,26.0
NOR,Norway,2006,27.338171000000003,24.9
NOR,Norway,2007,28.571341999999998,24.4
NOR,Norway,2008,26.008672,24.4
NOR,Norway,2009,27.995743,24.3
NOR,Norway,2010,27.674383000000002,24.4
NOR,Norway,2011,26.505186,24.2
NOR,Norway,2012,26.348761,24.4
NOR,Norway,2013,27.605698999999998,25.0
NOR,Norway,2014,28.783083,25.1
NOR,Norway,2015,30.187559999999998,25.5
NOR,Norway,2016,31.366531,25.6
NOR,Norway,2017,30.885218,25.5
NOR,Norway,2018,30.070334999999996,25.6
POL,Poland,1991,25.706398,24.3
POL,Poland,1992,28.545634000000003,25.7
POL,Poland,1993,33.005589,26.9
POL,Poland,1994,35.255013,28.2
POL,Poland,1995,35.514337,29.8
POL,Poland,1996,36.08903,28.8
POL,Poland,1997,35.271892,28.8
POL,Poland,1998,34.1379,28.7
POL,Poland,1999,35.583933,28.8
POL,Poland,2000,35.311475,29.2
POL,Poland,2001,35.074871,29.5
POL,Poland,2002,36.891852,30.0
POL,Poland,2003,37.60347,30.8
POL,Poland,2004,37.915392,31.5
POL,Poland,2005,37.924718,31.9
POL,Poland,2006,37.947059,31.5
POL,Poland,2007,37.651365000000006,31.1
POL,Poland,2008,38.221077,30.9
POL,Poland,2009,37.080604,30.7
POL,Poland,2010,40.080477,30.9
POL,Poland,2011,39.782977,30.6
POL,Poland,2012,36.865749,30.6
POL,Poland,2013,36.455308,31.1
POL,Poland,2014,36.465573,30.2
POL,Poland,2015,35.999725,29.5
POL,Poland,2016,36.789134000000004,28.9
POL,Poland,2017,36.899597,28.4
POL,Poland,2018,35.145223,28.4
PRT,Portugal,1990,44.215544,33.5
PRT,Portugal,1991,42.349404,33.5
PRT,Portugal,1992,43.159707,33.5
PRT,Portugal,1993,42.802966999999995,33.5
PRT,Portugal,1994,44.724519,33.5
PRT,Portugal,1995,43.914007,33.5
PRT,Portugal,1996,43.597896,33.5
PRT,Portugal,1997,42.571644,33.5
PRT,Portugal,1998,42.738871,33.5
PRT,Portugal,1999,42.024484,33.5
PRT,Portugal,2000,40.286325,33.5
PRT,Portugal,2001,40.819896,33.6
PRT,Portugal,2002,41.617862,33.8
PRT,Portugal,2003,43.281617,33.9
PRT,Portugal,2004,42.686545,34.1
PRT,Portugal,2005,43.849117,34.1
PRT,Portugal,2006,43.857392,34.1
PRT,Portugal,2007,41.60105,33.9
PRT,Portugal,2008,40.63831,33.7
PRT,Portugal,2009,38.685817,33.5
PRT,Portugal,2010,40.220561,33.5
PRT,Portugal,2011,39.814027,33.4
PRT,Portugal,2012,40.710423999999996,33.3
PRT,Portugal,2013,37.375628000000006,33.3
PRT,Portugal,2014,38.14139,33.2
PRT,Portugal,2015,38.626238,33.1
PRT,Portugal,2016,39.686906,33.0
PRT,Portugal,2017,39.961213,32.8
ESP,Spain,1990,28.396672,29.7
ESP,Spain,1991,28.355604,29.8
ESP,Spain,1992,28.743357,30.1
ESP,Spain,1993,27.292769,31.0
ESP,Spain,1994,28.640131,31.7
ESP,Spain,1995,29.05228,32.5
ESP,Spain,1996,28.895952,32.1
ESP,Spain,1997,29.253606,31.9
ESP,Spain,1998,29.961017,31.3
ESP,Spain,1999,30.650094,30.9
ESP,Spain,2000,29.960494,30.8
ESP,Spain,2001,29.234098,30.1
ESP,Spain,2002,28.320495,29.9
ESP,Spain,2003,28.761499,30.5
ESP,Spain,2004,28.574648999999997,31.2
ESP,Spain,2005,28.273622999999997,31.2
ESP,Spain,2006,27.263949,31.2
ESP,Spain,2007,25.617518,31.3
ESP,Spain,2008,25.189146,31.8
ESP,Spain,2009,23.218334,32.9
ESP,Spain,2010,27.196069,33.4
ESP,Spain,2011,26.613511,33.5
ESP,Spain,2012,27.362059999999996,33.0
ESP,Spain,2013,28.932249,33.4
ESP,Spain,2014,29.099528000000003,32.8
ESP,Spain,2015,29.895309,33.8
ESP,Spain,2016,29.752782,33.9
ESP,Spain,2017,29.349415000000004,34.1
SWE,Sweden,1990,24.963060000000002,22.3
SWE,Sweden,1991,26.392709000000004,22.3
SWE,Sweden,1992,25.927387,22.8
SWE,Sweden,1993,27.222623,23.0
SWE,Sweden,1994,25.793592,23.4
SWE,Sweden,1995,28.139991,22.9
SWE,Sweden,1996,26.179385999999997,23.6
SWE,Sweden,1997,25.625042999999998,24.2
SWE,Sweden,1998,24.942388,24.3
SWE,Sweden,1999,24.535964,24.5
SWE,Sweden,2000,24.76855,24.7
SWE,Sweden,2001,25.756132,24.4
SWE,Sweden,2002,26.905688,24.2
SWE,Sweden,2003,26.722664,23.9
SWE,Sweden,2004,26.143976000000002,23.8
SWE,Sweden,2005,26.082936,23.9
SWE,Sweden,2006,26.078207,24.5
SWE,Sweden,2007,26.58168,25.0
SWE,Sweden,2008,27.683221999999997,25.2
SWE,Sweden,2009,28.872322999999998,25.4
SWE,Sweden,2010,29.321485,25.6
SWE,Sweden,2011,29.10081,25.6
SWE,Sweden,2012,28.934501,25.7
SWE,Sweden,2013,28.540478000000004,26.0
SWE,Sweden,2014,28.382138,26.1
SWE,Sweden,2015,28.139967,26.2
SWE,Sweden,2016,28.078339,26.3
SWE,Sweden,2017,27.806535999999998,26.3
CHE,Switzerland,1990,20.553236,30.3
CHE,Switzerland,1991,20.281392999999998,30.2
CHE,Switzerland,1992,19.402877,30.1
CHE,Switzerland,1993,19.159457999999997,29.9
CHE,Switzerland,1994,18.744581,29.7
CHE,Switzerland,1995,21.219535999999998,29.4
CHE,Switzerland,1996,20.541027,29.1
CHE,Switzerland,1997,20.689432999999998,28.9
CHE,Switzerland,1998,20.877203,28.6
CHE,Switzerland,1999,22.277591,28.3
CHE,Switzerland,2000,21.84149,28.1
CHE,Switzerland,2001,22.527847,27.9
CHE,Switzerland,2002,21.8828,27.7
CHE,Switzerland,2003,22.656879,27.7
CHE,Switzerland,2004,23.016197000000002,27.7
CHE,Switzerland,2005,23.013220999999998,28.2
CHE,Switzerland,2006,22.794268,28.7
CHE,Switzerland,2007,22.848126,29.2
CHE,Switzerland,2008,22.442821,29.0
CHE,Switzerland,2009,22.158988,28.7
CHE,Switzerland,2010,22.829653,28.7
CHE,Switzerland,2011,22.539381,28.3
CHE,Switzerland,2012,22.745962,28.3
CHE,Switzerland,2013,22.430918,28.6
CHE,Switzerland,2014,22.276252,28.6
CHE,Switzerland,2015,21.542438,28.7
CHE,Switzerland,2016,21.388735999999998,28.8
CHE,Switzerland,2017,21.065057999999997,28.8
TUR,Turkey,1990,27.919420000000002,42.9
TUR,Turkey,1991,29.251627000000003,43.0
TUR,Turkey,1992,29.775859999999998,43.1
TUR,Turkey,1993,31.805769,43.2
TUR,Turkey,1994,37.119186,43.3
TUR,Turkey,1995,37.571949,43.2
TUR,Turkey,1996,38.295288,43.1
TUR,Turkey,1997,37.135844,43.0
TUR,Turkey,1998,36.062125,42.9
TUR,Turkey,1999,35.860312,42.8
TUR,Turkey,2000,41.975592999999996,42.6
TUR,Turkey,2001,40.104233,42.5
TUR,Turkey,2002,46.908834000000006,42.4
TUR,Turkey,2003,49.429564,42.3
TUR,Turkey,2004,47.726668,42.2
TUR,Turkey,2005,49.299128,41.9
TUR,Turkey,2006,48.702795,41.6
TUR,Turkey,2007,47.655691999999995,41.2
TUR,Turkey,2008,45.463673,41.0
TUR,Turkey,2009,45.650714,40.8
TUR,Turkey,2010,47.677909,40.6
TUR,Turkey,2011,45.229242,40.4
TUR,Turkey,2012,45.024927000000005,40.2
TUR,Turkey,2013,46.055919,40.1
TUR,Turkey,2014,44.101607,40.2
TUR,Turkey,2015,44.307883000000004,40.3
TUR,Turkey,2016,43.62798,40.4
TUR,Turkey,2017,43.477317,40.5
TUR,Turkey,2018,40.475156,40.5
GBR,United Kingdom,1990,31.022691,33.1
GBR,United Kingdom,1991,33.225363,33.4
GBR,United Kingdom,1992,34.737587,33.5
GBR,United Kingdom,1993,35.241537,33.8
GBR,United Kingdom,1994,35.182708,33.8
GBR,United Kingdom,1995,35.264846999999996,33.7
GBR,United Kingdom,1996,35.560734000000004,33.4
GBR,United Kingdom,1997,34.137678,33.5
GBR,United Kingdom,1998,33.016764,33.7
GBR,United Kingdom,1999,33.025836,34.1
GBR,United Kingdom,2000,31.582248999999997,33.9
GBR,United Kingdom,2001,31.389647999999998,33.8
GBR,United Kingdom,2002,32.38256,33.6
GBR,United Kingdom,2003,32.730069,33.4
GBR,United Kingdom,2004,31.653568,33.8
GBR,United Kingdom,2005,29.950638,33.4
GBR,United Kingdom,2006,29.19228,33.4
GBR,United Kingdom,2007,29.009068,33.6
GBR,United Kingdom,2008,29.226409000000004,33.7
GBR,United Kingdom,2009,29.032124,33.6
GBR,United Kingdom,2010,30.785674,33.3
GBR,United Kingdom,2011,32.594840000000005,33.0
GBR,United Kingdom,2012,32.906383,32.7
GBR,United Kingdom,2013,32.886362,32.8
GBR,United Kingdom,2014,33.139151,32.7
GBR,United Kingdom,2015,32.982015999999994,32.8
GBR,United Kingdom,2016,32.278065999999995,33.0
GBR,United Kingdom,2017,31.863540000000004,32.8
GBR,United Kingdom,2018,31.954981,33.1
USA,United States,1990,17.476098,34.5
USA,United States,1991,18.185218,34.7
USA,United States,1992,18.341398,34.9
USA,United States,1993,18.238672,35.4
USA,United States,1994,18.539675,35.8
USA,United States,1995,17.999732,35.4
USA,United States,1996,17.281802,35.6
USA,United States,1997,16.878539,35.9
USA,United States,1998,16.543147,35.8
USA,United States,1999,16.364089,35.9
USA,United States,2000,15.997268,35.8
USA,United States,2001,16.270138,36.2
USA,United States,2002,17.523491,36.2
USA,United States,2003,17.878392,36.3
USA,United States,2004,17.932013,36.5
USA,United States,2005,17.217922,36.8
USA,United States,2006,16.721698,37.0
USA,United States,2007,16.355033,37.1
USA,United States,2008,16.862973999999998,36.8
USA,United States,2009,18.066862,36.9
USA,United States,2010,18.063767000000002,37.0
USA,United States,2011,18.229941,37.5
USA,United States,2012,18.084197,37.8
USA,United States,2013,17.252907999999998,37.9
USA,United States,2014,17.048815,38.1
USA,United States,2015,16.578559,38.1
USA,United States,2016,16.554866,38.1
USA,United States,2017,15.687228,38.2
ARG,Argentina,1990,55.160861,42.1
ARG,Argentina,1991,51.369693,42.3
ARG,Argentina,1992,56.379115000000006,42.4
ARG,Argentina,1993,55.729476,42.7
ARG,Argentina,1994,55.359512,43.2
ARG,Argentina,1995,55.702913,43.7
ARG,Argentina,1996,59.214881999999996,44.2
ARG,Argentina,1997,59.90780899999999,44.7
ARG,Argentina,1998,59.009643000000004,45.1
ARG,Argentina,1999,57.529914,45.4
ARG,Argentina,2000,56.543493000000005,45.7
ARG,Argentina,2001,52.016364,45.9
ARG,Argentina,2002,55.066648,45.8
ARG,Argentina,2003,55.331965000000004,45.4
ARG,Argentina,2004,55.218202000000005,44.7
ARG,Argentina,2005,54.552663,43.9
ARG,Argentina,2006,54.246586,43.1
ARG,Argentina,2007,54.258120999999996,42.1
ARG,Argentina,2008,55.176109999999994,41.4
ARG,Argentina,2009,52.179939000000005,40.7
ARG,Argentina,2010,52.398533,40.0
ARG,Argentina,2011,51.22883,39.3
ARG,Argentina,2012,50.451661,38.8
ARG,Argentina,2013,49.579265,38.3
ARG,Argentina,2014,49.467588,37.9
ARG,Argentina,2015,47.48338,37.7
ARG,Argentina,2016,46.627232,37.6
ARG,Argentina,2017,47.760093,37.5
BHS,Bahamas,2001,61.96054399999999,44.5
BHS,Bahamas,2002,63.982862,44.3
BHS,Bahamas,2003,63.858698,44.2
BHS,Bahamas,2004,62.861639000000004,44.1
BHS,Bahamas,2005,58.783668000000006,44.0
BHS,Bahamas,2006,57.14827,44.0
BHS,Bahamas,2007,54.194013,44.0
BHS,Bahamas,2008,54.595257999999994,44.1
BHS,Bahamas,2009,62.711222,44.1
BHS,Bahamas,2010,61.077643,44.1
BHS,Bahamas,2011,62.362906,44.0
BHS,Bahamas,2012,67.605715,44.0
BHS,Bahamas,2013,64.872016,44.0
BRB,Barbados,1990,48.247837,43.9
BRB,Barbados,1991,46.248492999999996,43.8
BRB,Barbados,1992,47.171054999999996,43.8
BRB,Barbados,1993,47.243645,43.8
BRB,Barbados,1994,43.100575,43.8
BRB,Barbados,1995,43.042767,43.8
BRB,Barbados,1996,44.144402,43.7
BRB,Barbados,1997,54.150167,43.7
BRB,Barbados,1998,52.556473,43.7
BRB,Barbados,1999,49.096016999999996,43.7
BRB,Barbados,2000,46.994543,43.7
BRB,Barbados,2001,47.392587,43.7
BRB,Barbados,2002,46.738335,43.7
BRB,Barbados,2003,50.23755,43.6
BRB,Barbados,2004,47.854451,43.6
BRB,Barbados,2005,47.38473,43.6
BRB,Barbados,2006,43.643258,43.6
BRB,Barbados,2007,44.791782,43.5
BRB,Barbados,2008,45.793946999999996,43.5
BRB,Barbados,2009,44.552765,43.5
BRB,Barbados,2010,46.626976,43.4
BRB,Barbados,2011,48.795415000000006,43.3
BRB,Barbados,2012,47.37251,43.1
BRB,Barbados,2013,48.392555,43.0
BRB,Barbados,2014,47.799182,42.8
BRB,Barbados,2015,50.119039,42.7
BRB,Barbados,2016,50.877068,42.5
BRB,Barbados,2017,53.615871,42.3
BLZ,Belize,1993,52.177816,52.0
BLZ,Belize,1994,51.090134,52.0
BLZ,Belize,1995,51.958044,52.0
BLZ,Belize,1996,70.346336,51.8
BLZ,Belize,1997,71.441075,51.7
BLZ,Belize,1998,68.318027,51.4
BLZ,Belize,1999,66.225499,51.2
BLZ,Belize,2000,66.142291,51.0
BLZ,Belize,2001,65.349369,50.7
BLZ,Belize,2002,67.277213,50.5
BLZ,Belize,2003,64.903533,50.4
BLZ,Belize,2004,63.752993999999994,50.3
BLZ,Belize,2005,58.189398,50.2
BLZ,Belize,2006,60.245509999999996,50.1
BLZ,Belize,2007,59.558463,50.0
BLZ,Belize,2008,57.76341600000001,49.9
BLZ,Belize,2009,55.897677,49.9
BOL,Bolivia,1992,92.48634799999999,48.7
BOL,Bolivia,1993,90.949863,49.2
BOL,Bolivia,1994,87.569343,49.8
BOL,Bolivia,1995,82.746902,50.3
BOL,Bolivia,1996,78.033665,50.8
BOL,Bolivia,1997,69.582213,51.4
BOL,Bolivia,1998,65.407329,51.9
BOL,Bolivia,1999,60.56922900000001,52.4
BOL,Bolivia,2000,63.761838,52.8
BOL,Bolivia,2001,61.670738,52.7
BOL,Bolivia,2002,62.859592000000006,52.5
BOL,Bolivia,2003,60.571459999999995,51.9
BOL,Bolivia,2004,54.236971999999994,51.4
BOL,Bolivia,2005,60.343917000000005,50.9
BOL,Bolivia,2006,60.363538,50.0
BOL,Bolivia,2007,62.241454000000004,48.9
BOL,Bolivia,2008,60.790592000000004,47.6
BOL,Bolivia,2009,53.257141000000004,46.5
BOL,Bolivia,2010,56.39224,45.6
BOL,Bolivia,2011,56.611128,44.7
BOL,Bolivia,2012,54.830704000000004,44.2
BOL,Bolivia,2013,54.731405,43.8
BOL,Bolivia,2014,53.395301,43.4
BOL,Bolivia,2015,51.674895,42.9
BOL,Bolivia,2016,51.060725,42.5
BOL,Bolivia,2017,50.724291,42.2
BOL,Bolivia,2018,49.855859,42.1
BRA,Brazil,1990,48.717301,53.6
BRA,Brazil,1991,49.570079,53.3
BRA,Brazil,1992,48.186958000000004,52.9
BRA,Brazil,1993,47.353361,53.0
BRA,Brazil,1994,48.88994,53.0
BRA,Brazil,1995,48.709905,52.9
BRA,Brazil,1996,48.318843,53.0
BRA,Brazil,1997,46.697291,52.9
BRA,Brazil,1998,44.28922,52.6
BRA,Brazil,1999,47.051301,52.3
BRA,Brazil,2000,48.057187,52.0
BRA,Brazil,2001,48.134395,51.7
BRA,Brazil,2002,47.348359,51.2
BRA,Brazil,2003,46.945724,50.5
BRA,Brazil,2004,47.764051,49.7
BRA,Brazil,2005,46.294051,49.2
BRA,Brazil,2006,43.505511,48.8
BRA,Brazil,2007,42.828140000000005,48.0
BRA,Brazil,2008,46.197846999999996,47.3
BRA,Brazil,2009,44.731698,46.7
BRA,Brazil,2010,45.973719,46.3
BRA,Brazil,2011,45.005291,45.9
BRA,Brazil,2012,45.26566,45.7
BRA,Brazil,2013,45.158702000000005,45.1
BRA,Brazil,2014,44.43305,45.1
BRA,Brazil,2015,43.943882,45.4
BRA,Brazil,2016,42.355894,46.7
BRA,Brazil,2017,43.188296,46.9
BRA,Brazil,2018,44.067125,46.9
CMR,Cameroon,1996,67.164826,44.1
CMR,Cameroon,1997,67.359432,44.2
CMR,Cameroon,1998,63.472432,44.2
CMR,Cameroon,1999,64.698148,44.2
CMR,Cameroon,2000,62.159197999999996,44.2
CMR,Cameroon,2001,60.033699,44.2
CMR,Cameroon,2002,56.656985,44.3
CMR,Cameroon,2003,58.459984999999996,44.3
CMR,Cameroon,2004,61.146967000000004,44.4
CMR,Cameroon,2005,60.463473,44.4
CMR,Cameroon,2006,60.400864,44.5
CMR,Cameroon,2007,58.570280000000004,44.6
CMR,Cameroon,2008,59.394392,44.6
CMR,Cameroon,2009,56.821167,44.7
CMR,Cameroon,2010,60.088784,44.8
CMR,Cameroon,2011,59.893639,44.8
CMR,Cameroon,2012,56.36616,44.9
CMR,Cameroon,2013,57.387677000000004,44.9
CMR,Cameroon,2014,58.261442,45.0
CHL,Chile,1990,62.947954,48.0
CHL,Chile,1991,62.898864,47.7
CHL,Chile,1992,63.2289,47.6
CHL,Chile,1993,64.955564,47.9
CHL,Chile,1994,63.630975,48.2
CHL,Chile,1995,62.559016,48.2
CHL,Chile,1996,62.88466700000001,48.2
CHL,Chile,1997,63.615230000000004,48.4
CHL,Chile,1998,64.859185,48.5
CHL,Chile,1999,65.218822,48.5
CHL,Chile,2000,63.803720999999996,48.5
CHL,Chile,2001,62.115828,48.3
CHL,Chile,2002,61.680085,48.0
CHL,Chile,2003,60.548188,47.7
CHL,Chile,2004,56.70253100000001,47.2
CHL,Chile,2005,51.498756,46.7
CHL,Chile,2006,43.20702,46.2
CHL,Chile,2007,43.806407,46.0
CHL,Chile,2008,50.520856,45.8
CHL,Chile,2009,55.621729,45.6
CHL,Chile,2010,51.200739,45.3
CHL,Chile,2011,49.297256,45.0
CHL,Chile,2012,50.058541,44.7
CHL,Chile,2013,53.977373,44.4
CHL,Chile,2014,55.33619399999999,44.1
CHL,Chile,2015,54.091931,43.9
CHL,Chile,2016,54.585393,43.9
CHL,Chile,2017,54.800419999999995,44.0
COL,Colombia,1990,53.835724,50.7
COL,Colombia,1991,46.372665999999995,50.8
COL,Colombia,1992,46.628842,50.9
COL,Colombia,1993,45.084426,51.1
COL,Colombia,1994,45.954329,51.3
COL,Colombia,1995,43.261562,51.5
COL,Colombia,1996,44.363997,51.6
COL,Colombia,1997,42.283418,51.7
COL,Colombia,1998,43.275383000000005,51.7
COL,Colombia,1999,41.101663,51.7
COL,Colombia,2000,46.343416999999995,51.7
COL,Colombia,2001,45.462736,51.5
COL,Colombia,2002,44.036660999999995,51.3
COL,Colombia,2003,46.016609,50.9
COL,Colombia,2004,43.924622,51.1
COL,Colombia,2005,44.806875,51.1
COL,Colombia,2006,45.293053,51.5
COL,Colombia,2007,44.459337,51.9
COL,Colombia,2008,45.555096,51.2
COL,Colombia,2009,42.636803,50.4
COL,Colombia,2010,45.108416,49.7
COL,Colombia,2011,44.058166,49.2
COL,Colombia,2012,40.505036,48.7
COL,Colombia,2013,38.667721,48.2
COL,Colombia,2014,40.87818,47.9
COL,Colombia,2015,40.99242,47.0
COL,Colombia,2016,40.632536,46.2
COL,Colombia,2017,43.140051,46.1
COL,Colombia,2018,42.779205,46.2
CRI,Costa Rica,1990,45.457865999999996,40.9
CRI,Costa Rica,1991,46.71306,41.2
CRI,Costa Rica,1992,51.69339,41.4
CRI,Costa Rica,1993,47.74335,41.6
CRI,Costa Rica,1994,46.928032,41.9
CRI,Costa Rica,1995,47.543431,42.1
CRI,Costa Rica,1996,48.410121000000004,42.3
CRI,Costa Rica,1997,48.148918,42.6
CRI,Costa Rica,1998,48.772721000000004,43.0
CRI,Costa Rica,1999,44.419817,43.5
CRI,Costa Rica,2000,46.707313,44.1
CRI,Costa Rica,2001,46.663114,44.7
CRI,Costa Rica,2002,45.745305,45.0
CRI,Costa Rica,2003,45.200226,44.9
CRI,Costa Rica,2004,45.82761,44.8
CRI,Costa Rica,2005,45.307536999999996,44.8
CRI,Costa Rica,2006,46.521576,45.0
CRI,Costa Rica,2007,46.850982,45.1
CRI,Costa Rica,2008,45.363476,45.3
CRI,Costa Rica,2009,41.286924,45.5
CRI,Costa Rica,2010,40.318709000000005,45.6
CRI,Costa Rica,2011,40.200503999999995,45.7
CRI,Costa Rica,2012,40.120259999999995,45.9
CRI,Costa Rica,2013,39.359908000000004,46.1
CRI,Costa Rica,2014,38.984573,46.0
CRI,Costa Rica,2015,38.446934000000006,45.9
CRI,Costa Rica,2016,37.114107000000004,45.9
CRI,Costa Rica,2017,36.425932,45.9
CRI,Costa Rica,2018,34.9937,46.0
CIV,Côte d'Ivoire,1990,70.370098,45.9
CIV,Côte d'Ivoire,1991,66.78789599999999,46.0
CIV,Côte d'Ivoire,1992,65.496789,46.0
CIV,Côte d'Ivoire,1993,65.771235,46.2
CIV,Côte d'Ivoire,1994,72.73275799999999,46.3
CIV,Côte d'Ivoire,1995,68.553185,46.5
CIV,Côte d'Ivoire,1996,65.522719,46.7
CIV,Côte d'Ivoire,1997,62.292103000000004,46.9
CIV,Côte d'Ivoire,1998,61.516594,47.2
CIV,Côte d'Ivoire,1999,62.547738,47.7
CIV,Côte d'Ivoire,2000,59.807953000000005,48.3
CIV,Côte d'Ivoire,2001,62.968953000000006,48.8
CIV,Côte d'Ivoire,2002,64.74528000000001,49.3
CIV,Côte d'Ivoire,2003,66.565624,49.4
CIV,Côte d'Ivoire,2004,68.705928,49.4
CIV,Côte d'Ivoire,2005,63.933367000000004,49.4
CIV,Côte d'Ivoire,2006,62.669374,49.4
CIV,Côte d'Ivoire,2007,63.917595999999996,49.4
CIV,Côte d'Ivoire,2008,61.12939,49.4
CIV,Côte d'Ivoire,2009,64.47492700000001,49.7
CIV,Côte d'Ivoire,2010,66.038887,50.1
CIV,Côte d'Ivoire,2011,62.407013,50.4
CIV,Côte d'Ivoire,2012,58.07438199999999,50.8
CIV,Côte d'Ivoire,2013,57.614121,51.1
CIV,Côte d'Ivoire,2014,60.550879,51.4
CIV,Côte d'Ivoire,2015,62.91044399999999,51.8
DOM,Dominican Republic,1990,69.541393,45.9
DOM,Dominican Republic,1991,70.197728,46.0
DOM,Dominican Republic,1992,78.632626,46.1
DOM,Dominican Republic,1993,78.6528,46.1
DOM,Dominican Republic,1994,76.577147,46.1
DOM,Dominican Republic,1995,75.198756,46.0
DOM,Dominican Republic,1996,75.501866,46.0
DOM,Dominican Republic,1997,75.760052,46.3
DOM,Dominican Republic,1998,76.935364,46.8
DOM,Dominican Republic,1999,74.412236,47.2
DOM,Dominican Republic,2000,74.21543,47.6
DOM,Dominican Republic,2001,69.934062,47.7
DOM,Dominican Republic,2002,71.254918,47.8
DOM,Dominican Republic,2003,69.12862700000001,48.1
DOM,Dominican Republic,2004,75.52413299999999,48.1
DOM,Dominican Republic,2005,74.280011,47.8
DOM,Dominican Republic,2006,71.557192,47.8
DOM,Dominican Republic,2007,68.969161,47.3
DOM,Dominican Republic,2008,69.816417,46.6
DOM,Dominican Republic,2009,69.677367,46.1
DOM,Dominican Republic,2010,71.795236,45.5
DOM,Dominican Republic,2011,69.71813399999999,45.0
DOM,Dominican Republic,2012,63.563207999999996,44.4
DOM,Dominican Republic,2013,62.47458,44.0
DOM,Dominican Republic,2014,63.170874,43.4
DOM,Dominican Republic,2015,66.119658,43.1
DOM,Dominican Republic,2016,65.14314300000001,42.9
DOM,Dominican Republic,2017,63.921527000000005,42.7
DOM,Dominican Republic,2018,64.35368199999999,42.6
ECU,Ecuador,1994,59.740646,49.0
ECU,Ecuador,1995,56.220449,49.1
ECU,Ecuador,1996,56.850126,49.2
ECU,Ecuador,1997,62.454937,49.4
ECU,Ecuador,1998,64.224563,49.5
ECU,Ecuador,1999,80.420315,49.8
ECU,Ecuador,2000,75.723802,49.7
ECU,Ecuador,2001,65.977104,49.4
ECU,Ecuador,2002,61.973133999999995,49.0
ECU,Ecuador,2003,58.794616000000005,48.7
ECU,Ecuador,2004,57.54791899999999,48.4
ECU,Ecuador,2005,56.821399,47.9
ECU,Ecuador,2006,53.766873,47.4
ECU,Ecuador,2007,52.892656,46.8
ECU,Ecuador,2008,50.314239,45.9
ECU,Ecuador,2009,51.777574,45.1
ECU,Ecuador,2010,54.485937,44.3
ECU,Ecuador,2011,48.43477,43.6
ECU,Ecuador,2012,51.93522,43.0
ECU,Ecuador,2013,53.351393,42.7
ECU,Ecuador,2014,53.009781999999994,42.3
ECU,Ecuador,2015,52.000181,42.1
ECU,Ecuador,2016,50.789592,42.0
ECU,Ecuador,2017,52.206497,41.9
ECU,Ecuador,2018,49.877675,42.0
SLV,El Salvador,1991,50.399269,46.5
SLV,El Salvador,1992,57.577884999999995,46.5
SLV,El Salvador,1993,57.932444,46.6
SLV,El Salvador,1994,55.148559999999996,46.5
SLV,El Salvador,1995,55.482452,46.5
SLV,El Salvador,1996,55.917481,46.5
SLV,El Salvador,1997,54.729372999999995,46.5
SLV,El Salvador,1998,53.746570999999996,46.5
SLV,El Salvador,1999,54.849553,46.5
SLV,El Salvador,2000,54.114321,46.4
SLV,El Salvador,2001,57.060924,46.1
SLV,El Salvador,2002,57.7817,45.7
SLV,El Salvador,2003,58.853205,45.1
SLV,El Salvador,2004,58.746087,44.4
SLV,El Salvador,2005,58.451715,43.8
SLV,El Salvador,2006,58.031431000000005,43.1
SLV,El Salvador,2007,55.969563,42.5
SLV,El Salvador,2008,55.126079000000004,42.1
SLV,El Salvador,2009,52.717380000000006,41.5
SLV,El Salvador,2010,54.813148,40.8
SLV,El Salvador,2011,54.56841899999999,40.1
SLV,El Salvador,2012,53.674491,39.7
SLV,El Salvador,2013,51.307188000000004,39.4
SLV,El Salvador,2014,49.819784999999996,38.9
SLV,El Salvador,2015,49.219823,38.5
SLV,El Salvador,2016,48.948846,38.2
SLV,El Salvador,2017,49.631043,38.1
SLV,El Salvador,2018,50.243966,38.0
EST,Estonia,1995,35.006440000000005,33.6
EST,Estonia,1996,38.007552000000004,34.0
EST,Estonia,1997,38.813217,34.4
EST,Estonia,1998,35.676007,34.8
EST,Estonia,1999,35.139953000000006,35.0
EST,Estonia,2000,38.830888,35.0
EST,Estonia,2001,40.031625,34.7
EST,Estonia,2002,39.526161,34.5
EST,Estonia,2003,38.567256,34.4
EST,Estonia,2004,40.090509000000004,34.0
EST,Estonia,2005,41.244945,33.5
EST,Estonia,2006,42.894293,33.0
EST,Estonia,2007,41.939375,32.2
EST,Estonia,2008,37.417144,31.9
EST,Estonia,2009,40.638621,31.9
EST,Estonia,2010,40.231694,32.2
EST,Estonia,2011,41.697796000000004,32.6
EST,Estonia,2012,42.391082,32.9
EST,Estonia,2013,41.207463,33.2
EST,Estonia,2014,41.8076,33.0
EST,Estonia,2015,41.883327,32.4
EST,Estonia,2016,42.923815000000005,31.8
EST,Estonia,2017,42.593689000000005,31.4
GHA,Ghana,2000,61.664885999999996,41.7
GHA,Ghana,2001,60.853770999999995,41.9
GHA,Ghana,2002,60.270213,42.1
GHA,Ghana,2003,63.243458999999994,42.3
GHA,Ghana,2004,64.094965,42.4
GHA,Ghana,2005,66.36858199999999,42.6
GHA,Ghana,2006,63.468931000000005,42.7
GHA,Ghana,2007,62.350917,42.8
GHA,Ghana,2008,61.481429000000006,42.9
GHA,Ghana,2009,54.150767,43.0
GHA,Ghana,2010,55.278672,43.2
GHA,Ghana,2011,54.50184399999999,43.3
GHA,Ghana,2012,52.409597999999995,43.4
GHA,Ghana,2013,52.77662900000001,43.4
GHA,Ghana,2014,51.725975,43.5
GHA,Ghana,2015,58.916909,43.5
GHA,Ghana,2016,63.79806,43.5
GTM,Guatemala,1990,57.485804,50.3
GTM,Guatemala,1991,53.723054000000005,50.2
GTM,Guatemala,1992,62.008559999999996,50.1
GTM,Guatemala,1993,61.10215,50.1
GTM,Guatemala,1994,64.695936,50.0
GTM,Guatemala,1995,62.908475,49.9
GTM,Guatemala,1996,61.258731999999995,49.9
GTM,Guatemala,1997,62.381579,49.8
GTM,Guatemala,1998,63.313576,49.8
GTM,Guatemala,1999,63.292405,49.7
GTM,Guatemala,2000,63.380726,49.7
GTM,Guatemala,2001,63.238618,49.5
GTM,Guatemala,2002,62.290672,49.3
GTM,Guatemala,2003,61.685314,48.7
GTM,Guatemala,2004,62.50190500000001,48.0
GTM,Guatemala,2005,60.865056,47.7
GTM,Guatemala,2006,59.274803000000006,47.4
GTM,Guatemala,2007,60.440855000000006,47.2
GTM,Guatemala,2008,58.519608,47.0
GTM,Guatemala,2009,56.407225,46.8
GTM,Guatemala,2010,57.133814,46.6
GTM,Guatemala,2011,55.201725,46.2
GTM,Guatemala,2012,54.687204,45.3
GTM,Guatemala,2013,53.186347999999995,44.4
GTM,Guatemala,2014,52.048646000000005,43.4
HND,Honduras,1990,66.16121,49.0
HND,Honduras,1991,65.730603,48.8
HND,Honduras,1992,61.744735999999996,48.8
HND,Honduras,1993,60.48205,48.9
HND,Honduras,1994,62.925357,49.1
HND,Honduras,1995,58.670556000000005,49.2
HND,Honduras,1996,58.854812,49.2
HND,Honduras,1997,58.911999,49.2
HND,Honduras,1998,63.965722,49.3
HND,Honduras,1999,68.250058,49.6
HND,Honduras,2000,67.96335400000001,50.1
HND,Honduras,2001,66.260566,50.6
HND,Honduras,2002,63.777028,51.1
HND,Honduras,2003,61.238539,51.5
HND,Honduras,2004,59.01850699999999,51.8
HND,Honduras,2005,57.720434,51.8
HND,Honduras,2006,57.925012,51.5
HND,Honduras,2007,56.781372999999995,51.1
HND,Honduras,2008,55.750156999999994,50.6
HND,Honduras,2009,53.30465699999999,50.0
HND,Honduras,2010,53.52817099999999,49.8
HND,Honduras,2011,54.909057999999995,49.6
HND,Honduras,2012,52.389138,49.3
HND,Honduras,2013,50.113514,48.7
HND,Honduras,2014,53.696528,48.1
HND,Honduras,2015,54.459359,47.6
HND,Honduras,2016,53.072759,47.5
HND,Honduras,2017,52.916629,47.5
HND,Honduras,2018,52.236645,47.5
IDN,Indonesia,1997,47.565308,42.1
IDN,Indonesia,1998,47.124235999999996,41.9
IDN,Indonesia,1999,41.399932,41.8
IDN,Indonesia,2000,44.735333000000004,41.8
IDN,Indonesia,2001,42.247256,41.9
IDN,Indonesia,2002,44.033902000000005,42.1
IDN,Indonesia,2003,44.000833,42.5
IDN,Indonesia,2004,47.552543,42.8
IDN,Indonesia,2005,39.929840000000006,43.2
IDN,Indonesia,2006,39.976759,43.6
IDN,Indonesia,2007,41.854745,44.1
IDN,Indonesia,2008,42.258136,44.5
IDN,Indonesia,2009,40.440853999999995,45.0
IDN,Indonesia,2010,41.78219,45.6
IDN,Indonesia,2011,42.900690999999995,46.1
IDN,Indonesia,2012,44.835869,46.6
IDN,Indonesia,2013,45.392055,46.9
IDN,Indonesia,2014,44.437478000000006,47.1
IDN,Indonesia,2015,43.258237,47.2
IDN,Indonesia,2016,39.768229999999996,47.2
IDN,Indonesia,2017,43.032893,47.2
IDN,Indonesia,2018,42.104603999999995,47.2
ISR,Israel,1995,36.508184,32.8
ISR,Israel,1996,37.15462,33.2
ISR,Israel,1997,35.982663,33.5
ISR,Israel,1998,35.243666999999995,33.8
ISR,Israel,1999,35.740489000000004,34.2
ISR,Israel,2000,33.129529999999995,34.5
ISR,Israel,2001,32.990583,34.8
ISR,Israel,2002,35.705977000000004,35.2
ISR,Israel,2003,36.255611,35.6
ISR,Israel,2004,36.387028,35.9
ISR,Israel,2005,35.5845,36.3
ISR,Israel,2006,34.259,36.4
ISR,Israel,2007,34.883096,36.6
ISR,Israel,2008,36.908491999999995,36.6
ISR,Israel,2009,38.856173,36.6
ISR,Israel,2010,39.414659,36.8
ISR,Israel,2011,38.857839,36.7
ISR,Israel,2012,38.728214,36.6
ISR,Israel,2013,38.463152,36.1
ISR,Israel,2014,39.145243,35.8
ISR,Israel,2015,37.961323,35.4
ISR,Israel,2016,37.829549,35.0
ISR,Israel,2017,34.643421999999994,34.8
ISR,Israel,2018,36.461081,34.8
JAM,Jamaica,1990,36.442459,41.3
JAM,Jamaica,1991,44.587509999999995,41.2
JAM,Jamaica,1992,48.256021000000004,41.2
JAM,Jamaica,1993,51.486063,41.1
JAM,Jamaica,1994,48.800706,41.2
JAM,Jamaica,1995,52.218384,41.2
JAM,Jamaica,1996,49.532354,41.3
JAM,Jamaica,1997,50.249971,41.4
JAM,Jamaica,1998,51.102194,41.4
JAM,Jamaica,1999,51.429486,41.5
JAM,Jamaica,2000,50.05775,41.5
JAM,Jamaica,2001,50.809228000000004,41.6
JAM,Jamaica,2002,50.395321,41.6
JAM,Jamaica,2003,47.675606,41.5
JAM,Jamaica,2004,45.480244,41.4
JAM,Jamaica,2005,47.234339,41.2
JAM,Jamaica,2006,46.694631,41.1
JAM,Jamaica,2007,46.318298,40.9
JAM,Jamaica,2008,45.766165,40.7
JAM,Jamaica,2009,46.290693,40.6
JAM,Jamaica,2010,52.08083,40.6
JAM,Jamaica,2011,51.674368,40.5
JAM,Jamaica,2012,53.304904,40.4
JAM,Jamaica,2013,54.680055,40.3
JAM,Jamaica,2014,55.610094999999994,40.2
JAM,Jamaica,2015,56.307961999999996,40.1
JAM,Jamaica,2016,57.46634399999999,40.0
KAZ,Kazakhstan,1998,58.677587,29.3
KAZ,Kazakhstan,1999,41.728856,29.3
KAZ,Kazakhstan,2000,34.658184999999996,29.3
KAZ,Kazakhstan,2001,36.404036,29.3
KAZ,Kazakhstan,2002,37.145108,29.2
KAZ,Kazakhstan,2003,39.235982,29.0
KAZ,Kazakhstan,2004,36.989065999999994,28.8
KAZ,Kazakhstan,2005,35.07655,28.5
KAZ,Kazakhstan,2006,34.23332,28.2
KAZ,Kazakhstan,2007,33.772975,27.9
KAZ,Kazakhstan,2008,36.345155,27.6
KAZ,Kazakhstan,2009,40.214085,27.3
KAZ,Kazakhstan,2010,50.179930999999996,27.0
KAZ,Kazakhstan,2011,53.381204000000004,26.8
KAZ,Kazakhstan,2012,52.755410999999995,26.7
KAZ,Kazakhstan,2013,54.826218999999995,26.6
KAZ,Kazakhstan,2014,52.659521999999996,26.4
KAZ,Kazakhstan,2015,46.477958,26.4
KAZ,Kazakhstan,2016,48.132917,26.3
KAZ,Kazakhstan,2017,51.059523,26.3
KAZ,Kazakhstan,2018,50.646963,26.4
KEN,Kenya,2001,68.42139499999999,47.1
KEN,Kenya,2002,66.140617,47.0
KEN,Kenya,2003,63.937631999999994,46.9
KEN,Kenya,2004,63.458504000000005,46.9
KEN,Kenya,2005,62.31054399999999,46.8
KEN,Kenya,2006,59.713917,46.7
KEN,Kenya,2007,61.285004,46.6
KEN,Kenya,2008,56.372953,46.5
KEN,Kenya,2009,57.771094999999995,46.5
KEN,Kenya,2010,57.072136,46.4
KEN,Kenya,2011,55.349515000000004,46.3
KEN,Kenya,2012,51.617209,46.3
KEN,Kenya,2013,48.968106,46.2
KEN,Kenya,2014,51.185555,46.2
KEN,Kenya,2015,50.914691,46.1
LVA,Latvia,1995,37.728475,30.0
LVA,Latvia,1996,38.291375,30.6
LVA,Latvia,1997,38.695337,31.2
LVA,Latvia,1998,39.587959999999995,31.7
LVA,Latvia,1999,38.085211,32.3
LVA,Latvia,2000,38.599637,32.8
LVA,Latvia,2001,37.685493,33.3
LVA,Latvia,2002,37.406688,33.8
LVA,Latvia,2003,39.825435999999996,34.4
LVA,Latvia,2004,39.052512,34.8
LVA,Latvia,2005,41.150386,35.1
LVA,Latvia,2006,40.989751,35.2
LVA,Latvia,2007,39.6015,35.4
LVA,Latvia,2008,36.72055,35.5
LVA,Latvia,2009,39.966644,35.5
LVA,Latvia,2010,41.30131,35.5
LVA,Latvia,2011,40.679608,35.5
LVA,Latvia,2012,41.0747,35.4
LVA,Latvia,2013,42.134924,35.2
LVA,Latvia,2014,42.691309999999994,35.1
LVA,Latvia,2015,43.383615999999996,34.9
LVA,Latvia,2016,43.717897,34.9
LVA,Latvia,2017,43.043223,34.9
LVA,Latvia,2018,44.478660999999995,34.9
MYS,Malaysia,1990,52.879667000000005,44.6
MYS,Malaysia,1991,50.930403000000005,44.5
MYS,Malaysia,1992,48.332576,44.4
MYS,Malaysia,1993,49.0185,44.3
MYS,Malaysia,1994,47.990014,44.1
MYS,Malaysia,1995,47.339892,44.0
MYS,Malaysia,1996,47.117089,43.9
MYS,Malaysia,1997,45.161558,43.8
MYS,Malaysia,1998,36.354588,43.6
MYS,Malaysia,1999,42.062686,43.5
MYS,Malaysia,2000,39.754129,43.3
MYS,Malaysia,2001,33.213177,43.1
MYS,Malaysia,2002,35.181340000000006,43.0
MYS,Malaysia,2003,35.296375,42.8
MYS,Malaysia,2004,33.89954,42.6
MYS,Malaysia,2005,34.722639,42.3
MYS,Malaysia,2006,29.829311999999998,42.2
MYS,Malaysia,2007,27.882312,42.1
MYS,Malaysia,2008,27.610819,41.9
MYS,Malaysia,2009,26.971999,41.7
MYS,Malaysia,2010,28.411302000000003,41.5
MYS,Malaysia,2011,24.491498999999997,41.3
MYS,Malaysia,2012,23.44667,41.2
MYS,Malaysia,2013,23.533889000000002,41.0
MYS,Malaysia,2014,23.614807,40.9
MYS,Malaysia,2015,32.960558,40.9
MYS,Malaysia,2016,35.599756,40.9
MUS,Mauritius,1990,72.99180600000001,37.5
MUS,Mauritius,1991,72.5183,37.5
MUS,Mauritius,1992,72.05878100000001,37.5
MUS,Mauritius,1993,73.223612,37.5
MUS,Mauritius,1994,74.546283,37.5
MUS,Mauritius,1995,70.276706,37.5
MUS,Mauritius,1996,68.81355699999999,37.5
MUS,Mauritius,1997,70.62514399999999,37.6
MUS,Mauritius,1998,71.912243,37.6
MUS,Mauritius,1999,72.884869,37.6
MUS,Mauritius,2000,74.569452,37.6
MUS,Mauritius,2001,72.534143,37.6
MUS,Mauritius,2002,72.081508,37.6
MUS,Mauritius,2003,74.113251,37.7
MUS,Mauritius,2004,74.076753,37.7
MUS,Mauritius,2005,72.643614,37.7
MUS,Mauritius,2006,69.160291,37.8
MUS,Mauritius,2007,70.675715,37.8
MUS,Mauritius,2008,67.811849,37.8
MUS,Mauritius,2009,61.8157,37.9
MUS,Mauritius,2010,64.406143,38.0
MUS,Mauritius,2011,67.393338,38.0
MUS,Mauritius,2012,67.51791700000001,38.1
MUS,Mauritius,2013,66.958931,38.1
MUS,Mauritius,2014,65.131125,38.1
MUS,Mauritius,2015,64.90115300000001,38.1
MUS,Mauritius,2016,64.749112,38.2
MUS,Mauritius,2017,63.601032,38.1
MAR,Morocco,2000,52.100046,40.9
MAR,Morocco,2001,50.454144,41.0
MAR,Morocco,2002,50.117062,41.0
MAR,Morocco,2003,47.559971999999995,41.0
MAR,Morocco,2004,46.748129999999996,41.0
MAR,Morocco,2005,45.465309000000005,41.0
MAR,Morocco,2006,45.203441999999995,41.1
MAR,Morocco,2007,46.00271,41.1
MAR,Morocco,2008,44.321102,41.0
MAR,Morocco,2009,44.262406,41.1
MAR,Morocco,2010,46.723471,41.1
MAR,Morocco,2011,45.436938,41.0
MAR,Morocco,2012,43.78007,41.0
MAR,Morocco,2013,43.869908,41.0
MAR,Morocco,2014,42.030843,41.0
NIC,Nicaragua,1993,64.039078,50.4
NIC,Nicaragua,1994,64.546371,50.2
NIC,Nicaragua,1995,63.232026,50.0
NIC,Nicaragua,1996,62.634026,49.7
NIC,Nicaragua,1997,64.80487,49.5
NIC,Nicaragua,1998,66.263037,49.2
NIC,Nicaragua,1999,64.640026,48.8
NIC,Nicaragua,2000,60.044355,48.3
NIC,Nicaragua,2001,55.532278000000005,47.9
NIC,Nicaragua,2002,55.28846899999999,47.3
NIC,Nicaragua,2003,53.022813,46.8
NIC,Nicaragua,2004,57.957763,46.2
NIC,Nicaragua,2005,58.020949,45.6
NIC,Nicaragua,2006,57.078745999999995,45.1
NIC,Nicaragua,2007,56.262874,44.5
NIC,Nicaragua,2008,54.23148199999999,44.0
NIC,Nicaragua,2009,51.011416,43.5
NIC,Nicaragua,2010,52.405691,43.4
NIC,Nicaragua,2011,51.509943,43.3
NIC,Nicaragua,2012,51.481665,43.3
NIC,Nicaragua,2013,50.190295,43.2
NIC,Nicaragua,2014,48.566345,43.2
NER,Niger,2000,71.993868,39.7
NER,Niger,2001,75.30400300000001,39.8
NER,Niger,2002,75.202837,39.8
NER,Niger,2003,69.893814,39.8
NER,Niger,2004,70.83138199999999,39.8
NER,Niger,2005,72.712369,39.8
NER,Niger,2006,69.583764,39.6
NER,Niger,2007,68.488298,39.3
NER,Niger,2008,62.42625699999999,39.0
NER,Niger,2009,58.277538,38.8
NER,Niger,2010,62.881730000000005,38.5
NER,Niger,2011,61.235203000000006,38.3
NER,Niger,2012,55.68069200000001,38.2
NER,Niger,2013,49.35911,38.1
NER,Niger,2014,55.904918,38.0
PAN,Panama,1990,39.019943,50.8
PAN,Panama,1991,37.144079999999995,51.0
PAN,Panama,1992,39.320085,51.0
PAN,Panama,1993,35.101303,51.0
PAN,Panama,1994,34.856053,51.0
PAN,Panama,1995,32.918595,51.1
PAN,Panama,1996,32.632451,51.1
PAN,Panama,1997,33.073085999999996,51.2
PAN,Panama,1998,35.497806,51.0
PAN,Panama,1999,34.092708,50.9
PAN,Panama,2000,31.332953999999997,51.0
PAN,Panama,2001,30.249361999999998,50.9
PAN,Panama,2002,31.172859999999996,50.8
PAN,Panama,2003,34.263621,50.5
PAN,Panama,2004,33.385884000000004,50.0
PAN,Panama,2005,32.155962,49.5
PAN,Panama,2006,32.14093,49.1
PAN,Panama,2007,32.055842999999996,48.5
PAN,Panama,2008,32.235690999999996,48.2
PAN,Panama,2009,31.191986,47.7
PAN,Panama,2010,33.715144,47.3
PAN,Panama,2011,35.582654,47.2
PAN,Panama,2012,33.822747,47.0
PAN,Panama,2013,31.574877,46.7
PAN,Panama,2014,32.978412,46.6
PAN,Panama,2015,32.475615000000005,46.5
PAN,Panama,2016,31.518596000000002,46.4
PAN,Panama,2017,30.725203000000004,46.3
PAN,Panama,2018,29.024479,46.3
PRY,Paraguay,1990,75.70617800000001,43.3
PRY,Paraguay,1991,74.874935,44.8
PRY,Paraguay,1992,71.571023,46.2
PRY,Paraguay,1993,74.325097,47.7
PRY,Paraguay,1994,72.87299200000001,49.2
PRY,Paraguay,1995,74.684285,50.6
PRY,Paraguay,1996,74.057055,50.4
PRY,Paraguay,1997,76.38624200000001,50.0
PRY,Paraguay,1998,76.26500300000001,49.8
PRY,Paraguay,1999,54.070951,49.7
PRY,Paraguay,2000,58.004360999999996,49.8
PRY,Paraguay,2001,61.220879000000004,49.7
PRY,Paraguay,2002,58.592530000000004,49.9
PRY,Paraguay,2003,61.48448199999999,49.4
PRY,Paraguay,2004,61.426221999999996,48.3
PRY,Paraguay,2005,60.938429000000006,47.5
PRY,Paraguay,2006,60.13389599999999,47.3
PRY,Paraguay,2007,60.187113000000004,46.8
PRY,Paraguay,2008,60.026385999999995,46.3
PRY,Paraguay,2009,55.621502,45.9
PRY,Paraguay,2010,60.580296,46.3
PRY,Paraguay,2011,59.265578000000005,46.4
PRY,Paraguay,2012,56.319458,45.3
PRY,Paraguay,2013,56.429048,45.5
PRY,Paraguay,2014,54.049820999999994,45.5
PRY,Paraguay,2015,55.310089000000005,44.6
PRY,Paraguay,2016,55.51308,44.9
PRY,Paraguay,2017,54.793082999999996,44.7
PRY,Paraguay,2018,55.894133,44.6
PER,Peru,1990,71.375348,52.9
PER,Peru,1991,66.381805,52.9
PER,Peru,1992,64.56201800000001,52.8
PER,Peru,1993,64.88063199999999,52.7
PER,Peru,1994,64.410112,52.6
PER,Peru,1995,64.014028,52.6
PER,Peru,1996,60.475638000000004,52.5
PER,Peru,1997,60.186392000000005,52.4
PER,Peru,1998,59.989792,52.4
PER,Peru,1999,61.894601,52.2
PER,Peru,2000,60.771828,51.5
PER,Peru,2001,57.629927,51.6
PER,Peru,2002,60.028636,51.9
PER,Peru,2003,59.162031999999996,52.0
PER,Peru,2004,58.146253,51.7
PER,Peru,2005,55.777126,51.2
PER,Peru,2006,48.765728,50.6
PER,Peru,2007,45.86652,49.6
PER,Peru,2008,47.039702,48.5
PER,Peru,2009,48.613346,47.7
PER,Peru,2010,48.635646,46.7
PER,Peru,2011,45.452597,45.7
PER,Peru,2012,44.103602,45.3
PER,Peru,2013,44.921168,45.1
PER,Peru,2014,45.368078000000004,44.3
PER,Peru,2015,48.166643,44.3
PER,Peru,2016,45.536219,44.4
PER,Peru,2017,47.064665000000005,44.3
PER,Peru,2018,48.093024,44.2
PHL,Philippines,1994,53.687419999999996,42.5
PHL,Philippines,1995,53.817395,42.6
PHL,Philippines,1996,52.742397,42.6
PHL,Philippines,1997,50.23154,42.6
PHL,Philippines,1998,45.31051,42.6
PHL,Philippines,1999,44.265438,42.5
PHL,Philippines,2000,42.038744,42.5
PHL,Philippines,2001,41.137817,42.4
PHL,Philippines,2002,39.902104,42.3
PHL,Philippines,2003,41.128001,42.2
PHL,Philippines,2004,40.366034,42.1
PHL,Philippines,2005,39.875189,42.0
PHL,Philippines,2006,42.805572999999995,41.9
PHL,Philippines,2007,40.700773999999996,41.8
PHL,Philippines,2008,40.701026,41.8
PHL,Philippines,2009,41.38909,41.7
PHL,Philippines,2010,41.321265000000004,41.6
PHL,Philippines,2011,38.710555,41.5
PHL,Philippines,2012,38.848731,41.4
PHL,Philippines,2013,39.38221,41.4
PHL,Philippines,2014,39.991231,41.3
PHL,Philippines,2015,39.032138,41.2
RWA,Rwanda,1996,76.751768,49.0
RWA,Rwanda,1997,71.256297,49.3
RWA,Rwanda,1998,68.36138000000001,49.6
RWA,Rwanda,1999,69.58463499999999,50.0
RWA,Rwanda,2000,68.805375,50.3
RWA,Rwanda,2001,66.633788,50.5
RWA,Rwanda,2002,65.647543,50.7
RWA,Rwanda,2003,66.66207800000001,50.8
RWA,Rwanda,2004,66.822774,51.0
RWA,Rwanda,2005,64.524863,51.1
RWA,Rwanda,2006,63.442471999999995,51.1
RWA,Rwanda,2007,59.868052,51.1
RWA,Rwanda,2008,58.555285999999995,51.1
RWA,Rwanda,2009,58.701657999999995,51.1
RWA,Rwanda,2010,57.366012,51.0
RWA,Rwanda,2011,56.999805,50.9
RWA,Rwanda,2012,55.165162,50.7
RWA,Rwanda,2013,52.477204,50.6
RWA,Rwanda,2014,56.285106999999996,50.5
RWA,Rwanda,2015,55.878423,50.4
RWA,Rwanda,2016,54.650729000000005,50.4
SEN,Senegal,1997,69.889711,42.5
SEN,Senegal,1998,68.990078,42.5
SEN,Senegal,1999,71.538689,42.4
SEN,Senegal,2000,69.183559,42.3
SEN,Senegal,2001,70.010361,42.3
SEN,Senegal,2002,69.371548,42.2
SEN,Senegal,2003,68.915194,42.1
SEN,Senegal,2004,68.573707,42.0
SEN,Senegal,2005,67.816464,41.9
SEN,Senegal,2006,69.188372,41.8
SEN,Senegal,2007,70.83688599999999,41.7
SEN,Senegal,2008,67.54342199999999,41.7
SEN,Senegal,2009,66.265455,41.6
SEN,Senegal,2010,63.44854300000001,41.6
SEN,Senegal,2011,66.109184,41.5
SGP,Singapore,2000,31.089865999999997,38.8
SGP,Singapore,2001,30.964753,38.9
SGP,Singapore,2002,32.041856,39.0
SGP,Singapore,2003,36.590765000000005,39.1
SGP,Singapore,2004,34.96046,39.2
SGP,Singapore,2005,33.95389,39.3
SGP,Singapore,2006,31.846407,39.4
SGP,Singapore,2007,32.904726000000004,39.5
SGP,Singapore,2008,32.241015000000004,39.5
SGP,Singapore,2009,34.469621000000004,39.4
SGP,Singapore,2010,34.352814,39.4
SGP,Singapore,2011,32.799793,39.3
SGP,Singapore,2012,30.502709000000003,39.2
SGP,Singapore,2013,30.766087,39.0
SGP,Singapore,2014,31.322549,38.9
SGP,Singapore,2015,31.730371999999996,38.7
SGP,Singapore,2016,31.752384000000003,38.6
SGP,Singapore,2017,28.530226000000003,38.5
SVN,Slovenia,1995,38.690017,23.6
SVN,Slovenia,1996,39.120895000000004,23.6
SVN,Slovenia,1997,37.551407,23.4
SVN,Slovenia,1998,38.326125,23.5
SVN,Slovenia,1999,39.348759,23.4
SVN,Slovenia,2000,37.588733000000005,23.5
SVN,Slovenia,2001,36.25013,23.5
SVN,Slovenia,2002,36.680953,23.6
SVN,Slovenia,2003,36.734684,23.7
SVN,Slovenia,2004,35.848099,23.6
SVN,Slovenia,2005,35.129129999999996,24.0
SVN,Slovenia,2006,34.728083000000005,23.8
SVN,Slovenia,2007,34.964053,23.5
SVN,Slovenia,2008,35.630693,23.6
SVN,Slovenia,2009,36.684301,24.3
SVN,Slovenia,2010,37.338278,24.7
SVN,Slovenia,2011,37.673195,24.9
SVN,Slovenia,2012,38.483519,25.6
SVN,Slovenia,2013,40.436738,25.5
SVN,Slovenia,2014,40.414767,25.3
SVN,Slovenia,2015,40.039491999999996,25.2
SVN,Slovenia,2016,39.348931,24.7
SVN,Slovenia,2017,38.632844,24.5
ZAF,South Africa,1990,41.474607,58.7
ZAF,South Africa,1991,41.468115999999995,58.8
ZAF,South Africa,1992,41.280504,58.8
ZAF,South Africa,1993,43.826603999999996,58.7
ZAF,South Africa,1994,43.911483000000004,58.7
ZAF,South Africa,1995,43.42066,58.8
ZAF,South Africa,1996,41.408024,58.8
ZAF,South Africa,1997,40.661327,58.9
ZAF,South Africa,1998,39.295384000000006,58.9
ZAF,South Africa,1999,39.383224,58.9
ZAF,South Africa,2000,39.923336,58.9
ZAF,South Africa,2001,37.233001,59.1
ZAF,South Africa,2002,37.074892,59.2
ZAF,South Africa,2003,38.675290999999994,59.3
ZAF,South Africa,2004,40.009091,59.4
ZAF,South Africa,2005,38.898893,59.5
ZAF,South Africa,2006,40.569984999999996,59.6
ZAF,South Africa,2007,38.559798,59.5
ZAF,South Africa,2008,35.907505,59.4
ZAF,South Africa,2009,36.626018,59.4
ZAF,South Africa,2010,39.485997,59.2
ZAF,South Africa,2011,40.258188,59.4
ZAF,South Africa,2012,40.303771000000005,59.2
ZAF,South Africa,2013,40.726696999999994,59.5
ZAF,South Africa,2014,40.012676,59.7
ZAF,South Africa,2015,40.250522,59.9
TGO,Togo,2005,72.972364,42.8
TGO,Togo,2006,73.575714,43.0
TGO,Togo,2007,75.001018,43.2
TGO,Togo,2008,76.742926,43.3
TGO,Togo,2009,74.982392,43.5
TGO,Togo,2010,78.357499,43.7
TGO,Togo,2011,78.36194499999999,43.8
TGO,Togo,2012,80.134865,43.8
TGO,Togo,2013,78.166831,43.9
TGO,Togo,2014,78.517225,43.9
TGO,Togo,2015,80.108604,43.9
TTO,Trinidad and Tobago,1990,41.741014,41.5
TTO,Trinidad and Tobago,1991,37.068746000000004,41.5
TTO,Trinidad and Tobago,1992,42.059353,41.5
TTO,Trinidad and Tobago,1993,46.475224,41.6
TTO,Trinidad and Tobago,1994,41.5655,41.6
TTO,Trinidad and Tobago,1995,37.376498,41.6
TTO,Trinidad and Tobago,1996,34.618198,41.6
TTO,Trinidad and Tobago,1997,42.140612,41.6
TTO,Trinidad and Tobago,1998,49.197942,41.7
TTO,Trinidad and Tobago,1999,46.785927,41.7
TTO,Trinidad and Tobago,2000,35.166484000000004,41.7
TTO,Trinidad and Tobago,2001,32.814719000000004,41.7
TTO,Trinidad and Tobago,2002,38.621638,41.7
TTO,Trinidad and Tobago,2003,29.329463,41.7
TTO,Trinidad and Tobago,2004,30.328045,41.7
TTO,Trinidad and Tobago,2005,22.319437,41.7
TUN,Tunisia,2000,51.820621,40.8
TUN,Tunisia,2001,51.020046,40.7
TUN,Tunisia,2002,49.145421999999996,40.6
TUN,Tunisia,2003,47.500971,40.5
TUN,Tunisia,2004,47.439516999999995,40.4
TUN,Tunisia,2005,45.013366,40.3
TUN,Tunisia,2006,43.048664,40.2
TUN,Tunisia,2007,41.191138,40.0
TUN,Tunisia,2008,40.963308000000005,39.8
TUN,Tunisia,2009,39.909743,39.6
TUN,Tunisia,2010,39.481142,39.5
TUN,Tunisia,2011,36.533327,39.3
TUN,Tunisia,2012,38.540752000000005,39.2
TUN,Tunisia,2013,36.219568,39.1
TUN,Tunisia,2014,36.400416,39.0
TUN,Tunisia,2015,35.793078,38.9
UGA,Uganda,1992,84.57242099999999,43.2
UGA,Uganda,1993,87.511814,43.2
UGA,Uganda,1994,88.369403,43.2
UGA,Uganda,1995,86.35086899999999,43.3
UGA,Uganda,1996,88.409576,43.4
UGA,Uganda,1997,85.55198,43.5
UGA,Uganda,1998,84.217337,43.6
UGA,Uganda,1999,81.759187,43.8
UGA,Uganda,2000,81.611337,44.0
UGA,Uganda,2001,79.19918,44.2
UGA,Uganda,2002,76.53814,44.4
UGA,Uganda,2003,74.969412,44.4
UGA,Uganda,2004,73.275223,44.5
UGA,Uganda,2005,70.905446,44.5
UGA,Uganda,2006,71.165414,44.5
UGA,Uganda,2007,70.676076,44.5
UGA,Uganda,2008,71.63107600000001,44.5
UGA,Uganda,2009,70.622801,44.5
UGA,Uganda,2010,67.305903,44.4
UGA,Uganda,2011,66.573552,44.2
UGA,Uganda,2012,65.23182800000001,44.1
UGA,Uganda,2013,64.030901,44.1
UGA,Uganda,2014,65.73615799999999,44.1
UGA,Uganda,2015,65.058099,44.1
UGA,Uganda,2016,65.041106,44.1
URY,Uruguay,1990,56.629954000000005,39.7
URY,Uruguay,1991,56.393468000000006,39.2
URY,Uruguay,1992,54.800155000000004,38.7
URY,Uruguay,1993,53.390265,38.6
URY,Uruguay,1994,53.352188,38.5
URY,Uruguay,1995,53.662721999999995,38.3
URY,Uruguay,1996,54.230548,38.4
URY,Uruguay,1997,55.463905000000004,38.7
URY,Uruguay,1998,54.867334,39.1
URY,Uruguay,1999,50.297481,39.6
URY,Uruguay,2000,50.073913,40.0
URY,Uruguay,2001,52.259549,40.6
URY,Uruguay,2002,52.542581000000006,41.0
URY,Uruguay,2003,55.228003,41.3
URY,Uruguay,2004,55.948696,41.8
URY,Uruguay,2005,54.431070999999996,41.6
URY,Uruguay,2006,55.046976,41.7
URY,Uruguay,2007,55.035366,41.8
URY,Uruguay,2008,49.586816999999996,41.1
URY,Uruguay,2009,47.232772,40.6
URY,Uruguay,2010,47.101498,39.3
URY,Uruguay,2011,47.02162,37.9
URY,Uruguay,2012,45.612249,36.5
URY,Uruguay,2013,43.965028000000004,36.6
URY,Uruguay,2014,43.733537,36.2
URY,Uruguay,2015,42.812244,36.1
URY,Uruguay,2016,41.281831,35.9
URY,Uruguay,2017,39.764803,35.9
URY,Uruguay,2018,39.443565,35.9
VEN,Venezuela,1990,11.10941,40.4
VEN,Venezuela,1991,14.233149,40.5
VEN,Venezuela,1992,23.586579,40.6
VEN,Venezuela,1993,28.621840999999996,41.1
VEN,Venezuela,1994,32.411675,41.5
VEN,Venezuela,1995,44.579188,41.9
VEN,Venezuela,1996,42.171040000000005,42.2
VEN,Venezuela,1997,43.021887,42.6
VEN,Venezuela,1998,66.321533,42.6
VEN,Venezuela,1999,56.261885,42.5
VEN,Venezuela,2000,47.680153000000004,42.4
VEN,Venezuela,2001,55.24959200000001,42.4
VEN,Venezuela,2002,54.976091000000004,42.4
VEN,Venezuela,2003,53.270512,42.1
VEN,Venezuela,2004,58.990506,41.8
VEN,Venezuela,2005,51.842602,41.4
VEN,Venezuela,2006,52.097004999999996,40.6
VEN,Venezuela,2007,46.940442,39.9
VEN,Venezuela,2008,47.088440999999996,39.2
VEN,Venezuela,2009,54.35484,38.6
VEN,Venezuela,2010,61.07079399999999,38.2
VEN,Venezuela,2011,58.649981000000004,37.9
VEN,Venezuela,2012,60.745673,37.6
VEN,Venezuela,2013,62.941341,37.5
